id,first_name,last_name,email,gender,ip_address
1,Muffin,Collinette,mcollinette0@nytimes.com,Male,27.218.99.45
2,Yasmin,Kingsmill,ykingsmill1@tamu.edu,Female,43.204.49.2
3,Dukey,Fairn,dfairn2@tinyurl.com,Male,85.235.107.44
4,Elisha,Tomson,etomson3@ustream.tv,Male,9.153.136.2
5,Gradey,Le Moucheux,glemoucheux4@unesco.org,Male,215.179.41.57
6,Mead,Lancetter,mlancetter5@deviantart.com,Male,222.160.136.29
7,Dorolisa,Futter,dfutter6@hatena.ne.jp,Female,184.88.228.95
8,Ring,Beynkn,rbeynkn7@soundcloud.com,Male,63.92.53.113
9,Siffre,Rupprecht,srupprecht8@usgs.gov,Male,213.132.255.198
10,Gar,Slocum,gslocum9@senate.gov,Male,73.112.64.156
11,Candie,Repper,creppera@mtv.com,Female,244.127.156.53
12,Nobie,Juan,njuanb@hc360.com,Male,131.159.36.111
13,Ezequiel,Chaudrelle,echaudrellec@naver.com,Male,22.80.63.36
14,Kristy,Speck,kspeckd@apache.org,Female,87.104.228.71
15,Carroll,Baybutt,cbaybutte@china.com.cn,Male,186.112.142.118
16,Curtice,Coltart,ccoltartf@free.fr,Male,53.155.191.169
17,Stacy,MacKeeg,smackeegg@illinois.edu,Male,79.92.117.94
18,Blakeley,Reddy,breddyh@wufoo.com,Female,209.239.27.127
19,Marya,Beake,mbeakei@hhs.gov,Female,177.115.252.46
20,Neddie,Dundon,ndundonj@yahoo.com,Male,203.228.211.14
21,Traci,Zoane,tzoanek@twitter.com,Female,171.188.5.199
22,Banky,Kinvig,bkinvigl@nih.gov,Male,135.42.210.106
23,Netty,Barock,nbarockm@columbia.edu,Female,114.171.240.96
24,Flore,Franzman,ffranzmann@yelp.com,Female,94.109.127.138
25,Pryce,Elcox,pelcoxo@joomla.org,Male,84.37.180.213
26,Virginie,Liebermann,vliebermannp@myspace.com,Female,188.233.48.79
27,Johanna,Bonhill,jbonhillq@clickbank.net,Female,112.194.43.35
28,Charles,Cosley,ccosleyr@unblog.fr,Male,130.27.214.211
29,Stacy,Anyene,sanyenes@netvibes.com,Male,212.66.29.237
30,Fredelia,Sabatini,fsabatinit@dion.ne.jp,Female,198.226.27.108
31,Bing,Coghlin,bcoghlinu@adobe.com,Male,68.68.98.19
32,Zachary,Cassidy,zcassidyv@webnode.com,Male,183.145.129.11
33,Vilhelmina,Traise,vtraisew@ftc.gov,Female,170.98.139.29
34,Lonee,Staggs,lstaggsx@paginegialle.it,Female,224.61.208.151
35,Brigida,Finnis,bfinnisy@nyu.edu,Female,126.102.189.122
36,Corney,Mioni,cmioniz@sphinn.com,Male,137.129.127.0
37,Selena,Swabey,sswabey10@patch.com,Female,175.57.0.43
38,Lyndsey,Barkley,lbarkley11@moonfruit.com,Female,29.225.18.38
39,Jeremiah,De Cleyne,jdecleyne12@upenn.edu,Male,54.86.108.120
40,Marabel,Mullinder,mmullinder13@desdev.cn,Female,101.182.125.208
41,Quent,Deporte,qdeporte14@goo.gl,Male,175.131.175.183
42,Enoch,Thyer,ethyer15@php.net,Male,140.238.179.207
43,Carroll,Pasterfield,cpasterfield16@so-net.ne.jp,Female,94.169.76.212
44,Sansone,Benoist,sbenoist17@cnet.com,Male,54.90.142.88
45,Duffy,Perigeaux,dperigeaux18@pagesperso-orange.fr,Male,181.127.49.146
46,Torey,Rising,trising19@biglobe.ne.jp,Male,67.172.244.66
47,Lyle,Bolles,lbolles1a@dion.ne.jp,Male,13.53.50.202
48,Renaldo,Verling,rverling1b@time.com,Male,38.159.176.31
49,Forest,Bedwell,fbedwell1c@sbwire.com,Male,30.136.172.156
50,Rudolfo,Bosson,rbosson1d@oakley.com,Male,221.16.143.163
51,Philbert,Trunby,ptrunby1e@blogs.com,Male,34.192.139.243
52,Bryant,Corrao,bcorrao1f@lulu.com,Male,98.37.142.8
53,Torr,Truss,ttruss1g@seattletimes.com,Male,213.149.247.48
54,Willard,Petche,wpetche1h@ow.ly,Male,115.27.101.98
55,Dominique,Dodimead,ddodimead1i@sphinn.com,Female,98.106.196.112
56,Marcelia,Dewsnap,mdewsnap1j@ocn.ne.jp,Female,81.25.38.137
57,Glen,Maus,gmaus1k@twitter.com,Female,51.255.35.70
58,Meredith,Asser,masser1l@cyberchimps.com,Female,216.47.196.121
59,Wash,Jiranek,wjiranek1m@mac.com,Male,158.212.115.146
60,Christalle,Locks,clocks1n@dyndns.org,Female,58.56.231.140
61,Emlen,Crosthwaite,ecrosthwaite1o@wix.com,Male,89.191.176.207
62,Vincenz,Dougary,vdougary1p@delicious.com,Male,66.69.151.229
63,Osborn,Lestor,olestor1q@dailymail.co.uk,Male,255.3.204.162
64,Cate,Ucceli,cucceli1r@bizjournals.com,Female,147.83.187.208
65,Christy,Standish,cstandish1s@oakley.com,Female,142.91.240.182
66,Arlin,Lapere,alapere1t@apple.com,Male,118.188.0.1
67,Sammy,Bartolomivis,sbartolomivis1u@fda.gov,Male,28.5.43.187
68,Cori,Wagenen,cwagenen1v@dailymotion.com,Male,111.136.108.136
69,Kalvin,MacKaig,kmackaig1w@biglobe.ne.jp,Male,148.161.52.46
70,Giraldo,Alben,galben1x@house.gov,Male,123.79.52.38
71,Spense,Grinston,sgrinston1y@pen.io,Male,88.100.85.204
72,Ara,Whightman,awhightman1z@usnews.com,Male,46.233.253.78
73,Chris,Hodcroft,chodcroft20@is.gd,Female,99.253.52.107
74,Lydon,Taile,ltaile21@blogspot.com,Male,59.101.76.211
75,Gilli,Filipowicz,gfilipowicz22@tumblr.com,Female,185.216.51.175
76,Sandye,Peaurt,speaurt23@google.co.uk,Female,241.21.146.161
77,Zebadiah,Caulcott,zcaulcott24@sourceforge.net,Male,9.190.88.118
78,Geoffrey,Farrants,gfarrants25@chicagotribune.com,Male,166.52.29.97
79,Fax,Maha,fmaha26@wordpress.com,Male,123.67.78.219
80,Selena,Bettison,sbettison27@rediff.com,Female,223.188.116.226
81,Hillyer,Strut,hstrut28@timesonline.co.uk,Male,245.180.227.60
82,Bran,Castelijn,bcastelijn29@mashable.com,Male,107.88.77.211
83,Ellis,Copping,ecopping2a@howstuffworks.com,Male,50.95.171.233
84,Ulrike,Cuffe,ucuffe2b@blogspot.com,Female,81.146.17.15
85,Rebekkah,Shane,rshane2c@nsw.gov.au,Female,254.36.52.34
86,Krystal,Gottschalk,kgottschalk2d@last.fm,Female,52.52.147.54
87,Beryle,Benzies,bbenzies2e@wunderground.com,Female,31.233.255.12
88,Skye,Dollar,sdollar2f@prweb.com,Male,1.135.115.174
89,Marion,Crabtree,mcrabtree2g@istockphoto.com,Female,171.178.76.165
90,Ulric,Moors,umoors2h@ezinearticles.com,Male,58.102.39.181
91,Loise,Wagstaffe,lwagstaffe2i@tinypic.com,Female,186.25.110.42
92,Babette,Ramstead,bramstead2j@acquirethisname.com,Female,150.171.37.125
93,Billye,Hallor,bhallor2k@mashable.com,Female,153.4.86.146
94,Mira,Dradey,mdradey2l@nytimes.com,Female,218.20.152.165
95,Sax,Bettenay,sbettenay2m@4shared.com,Male,57.70.68.155
96,Albina,Carrett,acarrett2n@icio.us,Female,5.252.91.152
97,Isa,MacNamara,imacnamara2o@stanford.edu,Male,129.112.85.218
98,Dorothy,Pearmain,dpearmain2p@bigcartel.com,Female,222.64.71.204
99,Padget,Dymoke,pdymoke2q@wikipedia.org,Male,32.203.173.86
100,Natka,Papes,npapes2r@360.cn,Female,64.8.125.45
101,Brion,Branigan,bbranigan2s@cafepress.com,Male,125.109.45.220
102,Rebe,Frowd,rfrowd2t@theguardian.com,Female,89.31.65.220
103,Rickert,Munning,rmunning2u@yolasite.com,Male,166.128.6.205
104,Harwell,Dungate,hdungate2v@businessweek.com,Male,157.113.120.78
105,Rosalind,Stollery,rstollery2w@canalblog.com,Female,150.20.8.187
106,Ignaz,Reimer,ireimer2x@webeden.co.uk,Male,168.224.128.22
107,Barbe,Lissemore,blissemore2y@blog.com,Female,101.235.33.221
108,Abram,Limpkin,alimpkin2z@stumbleupon.com,Male,44.6.11.165
109,Tess,Weyland,tweyland30@craigslist.org,Female,95.134.152.120
110,Karim,MacDermand,kmacdermand31@nps.gov,Male,149.120.52.109
111,Mari,Crease,mcrease32@tripadvisor.com,Female,244.23.232.97
112,Carlynne,Fellon,cfellon33@histats.com,Female,200.65.0.59
113,Levon,Voce,lvoce34@nhs.uk,Male,18.222.78.68
114,Maurizio,Lewerenz,mlewerenz35@dell.com,Male,61.229.206.112
115,Quinton,Ancketill,qancketill36@newsvine.com,Male,4.42.234.70
116,Kerry,Aldgate,kaldgate37@prlog.org,Female,12.112.245.245
117,Jerrilee,Worden,jworden38@paypal.com,Female,131.189.209.152
118,Waiter,Clemenza,wclemenza39@buzzfeed.com,Male,146.66.255.177
119,Benedetto,Read,bread3a@slate.com,Male,101.225.255.238
120,Kermie,Smidmoor,ksmidmoor3b@vinaora.com,Male,14.133.217.20
121,Muriel,Gange,mgange3c@umich.edu,Female,137.121.114.251
122,Mabel,McNeigh,mmcneigh3d@sohu.com,Female,139.206.133.8
123,Gretna,McQuie,gmcquie3e@hexun.com,Female,126.114.126.155
124,Lazaro,Fusco,lfusco3f@webnode.com,Male,207.76.83.190
125,Feodora,Freemantle,ffreemantle3g@msn.com,Female,240.20.68.96
126,Angelina,Oldcroft,aoldcroft3h@wordpress.org,Female,207.143.11.154
127,Emlynne,Easter,eeaster3i@nyu.edu,Female,46.130.62.26
128,Thedric,Reuther,treuther3j@amazonaws.com,Male,236.81.106.180
129,Deonne,Rubinowitch,drubinowitch3k@twitter.com,Female,70.251.156.221
130,Rowena,Orwin,rorwin3l@bluehost.com,Female,0.242.179.66
131,Aila,Bownes,abownes3m@phpbb.com,Female,241.182.67.39
132,Forrester,Naisbitt,fnaisbitt3n@ibm.com,Male,202.200.5.186
133,Dorothea,Verney,dverney3o@tmall.com,Female,5.114.40.83
134,Jonathon,Aulton,jaulton3p@uiuc.edu,Male,179.108.137.149
135,Tera,Asplen,tasplen3q@plala.or.jp,Female,221.59.206.182
136,Fan,Bulford,fbulford3r@themeforest.net,Female,145.82.164.254
137,Pierson,Doers,pdoers3s@msn.com,Male,37.185.63.56
138,Davidson,Tadman,dtadman3t@i2i.jp,Male,105.208.143.106
139,Berget,Martinyuk,bmartinyuk3u@squarespace.com,Female,121.96.9.16
140,Parker,Le Fleming,plefleming3v@ehow.com,Male,189.119.253.202
141,Lyle,Melato,lmelato3w@ocn.ne.jp,Male,115.185.210.6
142,Alphonso,Cleynman,acleynman3x@ovh.net,Male,216.194.66.198
143,Aubree,Bard,abard3y@xinhuanet.com,Female,213.19.22.229
144,Humfrey,Marr,hmarr3z@sina.com.cn,Male,54.109.146.1
145,Nick,Ferras,nferras40@booking.com,Male,183.72.107.87
146,Kora,Creek,kcreek41@51.la,Female,54.57.225.8
147,Fletch,Callow,fcallow42@hp.com,Male,2.17.234.102
148,Maddie,Robet,mrobet43@gizmodo.com,Female,227.240.48.88
149,Chariot,Wybrew,cwybrew44@usa.gov,Male,255.84.82.153
150,Sula,Smowton,ssmowton45@china.com.cn,Female,243.237.51.14
151,Bunny,Bethell,bbethell46@51.la,Female,123.169.86.176
152,Daveta,Pringell,dpringell47@smh.com.au,Female,119.228.51.5
153,Sybyl,Meddemmen,smeddemmen48@infoseek.co.jp,Female,166.252.189.93
154,Ave,Sidary,asidary49@nbcnews.com,Male,40.234.66.127
155,Eugenius,Eate,eeate4a@friendfeed.com,Male,249.19.199.26
156,Tiebold,Giabuzzi,tgiabuzzi4b@mediafire.com,Male,194.179.51.167
157,Ginnifer,Philippault,gphilippault4c@technorati.com,Female,120.31.20.18
158,Franklin,MacGiolla,fmacgiolla4d@state.gov,Male,106.226.83.185
159,Blondelle,Hasslocher,bhasslocher4e@cbc.ca,Female,72.7.45.198
160,Meredeth,Rousel,mrousel4f@ifeng.com,Male,199.112.238.170
161,Renee,Demongeot,rdemongeot4g@apache.org,Female,73.243.207.68
162,Mariejeanne,Montford,mmontford4h@un.org,Female,44.142.153.177
163,Felicity,Carrivick,fcarrivick4i@goo.ne.jp,Female,97.202.192.189
164,Chuck,Larway,clarway4j@businessweek.com,Male,225.39.124.118
165,Cori,Collumbine,ccollumbine4k@mozilla.org,Male,48.253.6.149
166,Dynah,Cleft,dcleft4l@live.com,Female,25.8.73.148
167,Stephani,Giacobelli,sgiacobelli4m@aboutads.info,Female,163.31.252.4
168,George,Abrahim,gabrahim4n@eepurl.com,Female,178.7.118.55
169,Grazia,Gouldbourn,ggouldbourn4o@phpbb.com,Female,48.172.1.221
170,Alfons,Grancher,agrancher4p@meetup.com,Male,149.37.142.25
171,Ericka,Ramas,eramas4q@cnn.com,Female,173.78.173.92
172,Celinda,Brodhead,cbrodhead4r@seattletimes.com,Female,210.236.246.114
173,Ewell,Smallsman,esmallsman4s@friendfeed.com,Male,38.74.112.69
174,Rivy,Elliman,relliman4t@wix.com,Female,109.45.6.174
175,Angel,Littell,alittell4u@house.gov,Male,149.105.46.99
176,Jessee,Merrall,jmerrall4v@quantcast.com,Male,125.205.22.244
177,Lorry,Ikringill,likringill4w@adobe.com,Female,124.152.49.58
178,Pip,Ritson,pritson4x@google.ca,Male,25.230.93.174
179,Blaire,Skarman,bskarman4y@pbs.org,Female,204.216.248.118
180,Ernesto,Casina,ecasina4z@mayoclinic.com,Male,114.12.79.142
181,Uriah,Wye,uwye50@sfgate.com,Male,211.108.220.29
182,Miriam,Ronchi,mronchi51@goodreads.com,Female,152.3.239.15
183,Dallis,Lock,dlock52@tumblr.com,Male,68.151.184.121
184,Philis,Lark,plark53@e-recht24.de,Female,152.26.118.9
185,Nickie,Iacomi,niacomi54@oracle.com,Female,252.57.248.255
186,Kipper,Masseo,kmasseo55@vimeo.com,Male,169.236.66.51
187,Chan,Sallan,csallan56@nydailynews.com,Male,226.248.248.47
188,Tammy,Twigge,ttwigge57@cocolog-nifty.com,Male,243.63.43.159
189,Janaya,Kincaid,jkincaid58@dmoz.org,Female,253.239.92.14
190,Shantee,Thorneywork,sthorneywork59@si.edu,Female,238.25.196.90
191,Valma,Brantzen,vbrantzen5a@pbs.org,Female,248.47.227.181
192,Joelynn,Chamberlaine,jchamberlaine5b@epa.gov,Female,76.248.28.144
193,Maxie,Kobierski,mkobierski5c@networksolutions.com,Female,222.79.155.100
194,Gabriele,Farnhill,gfarnhill5d@marketwatch.com,Male,245.234.206.67
195,Jessa,Cowland,jcowland5e@dailymotion.com,Female,204.61.107.178
196,Syd,Tott,stott5f@ibm.com,Male,136.235.201.228
197,Egan,Caberas,ecaberas5g@tmall.com,Male,117.175.58.239
198,Flossie,Light,flight5h@tinyurl.com,Female,173.114.163.37
199,Lesley,Gallandre,lgallandre5i@slate.com,Female,163.67.114.21
200,Durant,Skyram,dskyram5j@edublogs.org,Male,118.59.192.217
201,Danita,Crenage,dcrenage5k@sohu.com,Female,190.187.44.184
202,Jerrie,Spring,jspring5l@marketwatch.com,Male,232.71.205.174
203,Guendolen,Thirlwall,gthirlwall5m@ft.com,Female,206.210.167.140
204,Don,Bent,dbent5n@dell.com,Male,253.115.154.228
205,Isiahi,Duggan,iduggan5o@elpais.com,Male,137.228.49.100
206,Marc,Bottrell,mbottrell5p@wikimedia.org,Male,223.254.40.131
207,Riobard,Braams,rbraams5q@mlb.com,Male,55.207.86.35
208,Sibyl,Downer,sdowner5r@joomla.org,Male,219.222.33.92
209,Vonnie,Armal,varmal5s@purevolume.com,Female,52.229.119.253
210,Tansy,Dorrity,tdorrity5t@huffingtonpost.com,Female,69.214.108.47
211,Lindsey,Feirn,lfeirn5u@zimbio.com,Male,15.54.67.178
212,Sergent,Judd,sjudd5v@twitpic.com,Male,107.184.141.179
213,Arley,Aked,aaked5w@theguardian.com,Male,90.56.30.215
214,Kassey,Etherton,ketherton5x@tuttocitta.it,Female,152.65.32.201
215,Darill,Balbeck,dbalbeck5y@marriott.com,Male,197.27.47.139
216,Max,Thraves,mthraves5z@elpais.com,Male,228.123.113.129
217,Editha,Hatt,ehatt60@cmu.edu,Female,172.2.168.115
218,Glenden,Baigrie,gbaigrie61@ucoz.ru,Male,52.61.101.34
219,Neal,Bossel,nbossel62@weather.com,Male,52.87.238.48
220,Cacilia,Heinzler,cheinzler63@vistaprint.com,Female,121.235.195.199
221,Albert,Jeffery,ajeffery64@auda.org.au,Male,147.35.121.140
222,Andria,Sydall,asydall65@google.com.br,Female,28.221.21.157
223,Chrystel,Mates,cmates66@archive.org,Female,35.253.62.197
224,Marcy,Thurber,mthurber67@printfriendly.com,Female,186.247.55.158
225,Colby,Troillet,ctroillet68@independent.co.uk,Male,137.32.2.13
226,Kare,Earwicker,kearwicker69@netscape.com,Female,126.40.251.138
227,Coral,Stendall,cstendall6a@blogspot.com,Female,98.214.20.242
228,Cooper,Beyne,cbeyne6b@rambler.ru,Male,208.231.69.79
229,Emmye,Gent,egent6c@hibu.com,Female,230.208.206.149
230,Ambrose,Muckle,amuckle6d@last.fm,Male,27.172.22.179
231,Freddy,Minker,fminker6e@wisc.edu,Female,2.71.134.113
232,Edgardo,Klus,eklus6f@last.fm,Male,83.136.141.239
233,Alasteir,Verrill,averrill6g@upenn.edu,Male,205.50.20.27
234,Lowe,Rapi,lrapi6h@google.co.uk,Male,148.86.100.152
235,Riannon,McCulloch,rmcculloch6i@yellowpages.com,Female,21.103.173.70
236,Joice,Melling,jmelling6j@google.ru,Female,165.57.23.60
237,Claudine,Gofforth,cgofforth6k@nhs.uk,Female,246.140.196.153
238,Nata,Attreed,nattreed6l@tripadvisor.com,Female,32.226.8.121
239,Rudd,Sline,rsline6m@deliciousdays.com,Male,61.69.240.70
240,Wilone,Dicky,wdicky6n@so-net.ne.jp,Female,2.123.146.27
241,Flss,Garley,fgarley6o@miitbeian.gov.cn,Female,165.229.214.69
242,Dionne,Woodward,dwoodward6p@github.io,Female,75.45.171.177
243,Roxi,Mullany,rmullany6q@flavors.me,Female,211.72.192.124
244,Debera,Smeeton,dsmeeton6r@free.fr,Female,255.50.218.224
245,Gale,Standrin,gstandrin6s@yelp.com,Male,72.63.193.86
246,Cecil,Lochead,clochead6t@jalbum.net,Female,252.221.240.36
247,Berne,Pierse,bpierse6u@rediff.com,Male,246.204.220.102
248,Gratia,Cardenas,gcardenas6v@xrea.com,Female,10.242.200.9
249,Alley,Suttaby,asuttaby6w@liveinternet.ru,Male,106.186.83.60
250,Pepe,Fosdick,pfosdick6x@example.com,Male,9.115.95.206
251,Jeanine,Skerratt,jskerratt6y@deliciousdays.com,Female,142.233.59.53
252,Toddie,Chatin,tchatin6z@mlb.com,Male,233.63.128.36
253,Julie,Ezele,jezele70@dell.com,Female,215.108.131.230
254,Abbie,Sibbit,asibbit71@npr.org,Male,71.150.65.121
255,Phaedra,Philpotts,pphilpotts72@nytimes.com,Female,119.199.143.152
256,Christos,Cess,ccess73@photobucket.com,Male,147.121.155.10
257,Calla,Illesley,cillesley74@technorati.com,Female,40.199.115.149
258,Camille,Scargill,cscargill75@mac.com,Female,221.78.154.29
259,Noell,Geydon,ngeydon76@mtv.com,Female,116.57.82.9
260,Conant,Twigg,ctwigg77@home.pl,Male,211.13.11.195
261,Delilah,Tobias,dtobias78@springer.com,Female,232.44.76.205
262,Meagan,Mains,mmains79@go.com,Female,24.64.70.206
263,Levy,Pennock,lpennock7a@bizjournals.com,Male,71.168.48.138
264,Chad,Sowter,csowter7b@foxnews.com,Male,65.195.88.222
265,Delcine,Rosenvasser,drosenvasser7c@time.com,Female,91.80.113.135
266,Sarajane,Collingham,scollingham7d@tmall.com,Female,215.132.216.219
267,Cymbre,Barhem,cbarhem7e@bing.com,Female,51.155.104.150
268,Kerr,Attryde,kattryde7f@paginegialle.it,Male,64.214.66.32
269,Ad,Linscott,alinscott7g@eventbrite.com,Male,66.253.178.116
270,Melva,Trayling,mtrayling7h@printfriendly.com,Female,124.121.101.11
271,Lindi,Binge,lbinge7i@google.com,Female,207.99.242.144
272,Millisent,Brabban,mbrabban7j@storify.com,Female,160.59.24.222
273,Farley,Belcher,fbelcher7k@flavors.me,Male,231.138.109.202
274,Rafael,Eastmond,reastmond7l@mashable.com,Male,80.187.30.59
275,Antin,Thurley,athurley7m@wp.com,Male,204.1.9.42
276,Terencio,Garrod,tgarrod7n@4shared.com,Male,76.123.103.64
277,Meredith,Matijevic,mmatijevic7o@diigo.com,Male,199.113.73.1
278,Rowland,Ovise,rovise7p@wired.com,Male,161.169.30.126
279,Johna,Lindstedt,jlindstedt7q@4shared.com,Female,251.5.167.25
280,Sibley,MacKill,smackill7r@vinaora.com,Female,149.69.228.166
281,Rosabel,Dredge,rdredge7s@ucla.edu,Female,231.238.184.143
282,Ozzie,Loftus,oloftus7t@nydailynews.com,Male,153.14.203.216
283,Daryn,Powys,dpowys7u@prweb.com,Female,223.173.8.216
284,Talbert,Maybery,tmaybery7v@icq.com,Male,236.20.110.236
285,Robbyn,Proudlock,rproudlock7w@wunderground.com,Female,137.234.181.167
286,Brenda,Reddel,breddel7x@abc.net.au,Female,169.148.68.78
287,Rozalin,Bienvenu,rbienvenu7y@twitter.com,Female,182.106.157.94
288,Gifford,Schade,gschade7z@tamu.edu,Male,65.70.219.143
289,Stavros,Alexis,salexis80@mozilla.org,Male,185.51.140.252
290,Sheffy,Fleming,sfleming81@altervista.org,Male,183.82.208.68
291,Marji,Downer,mdowner82@statcounter.com,Female,172.250.43.246
292,Lori,Callum,lcallum83@posterous.com,Female,92.230.196.83
293,Nathan,Very,nvery84@hubpages.com,Male,47.102.116.149
294,Wyatan,D'orsay,wdorsay85@ed.gov,Male,1.56.162.62
295,Cathy,Yeaman,cyeaman86@miitbeian.gov.cn,Female,63.37.95.138
296,Alejandro,Sizeland,asizeland87@prlog.org,Male,89.190.54.82
297,Kinna,Macura,kmacura88@sfgate.com,Female,241.220.161.78
298,Chad,Bretton,cbretton89@reference.com,Female,23.64.227.55
299,Sandy,Roake,sroake8a@blogger.com,Male,114.150.160.19
300,Benita,Wolver,bwolver8b@homestead.com,Female,211.182.68.33
301,Rhodia,Sawood,rsawood8c@marketwatch.com,Female,125.26.245.225
302,Any,Coulson,acoulson8d@si.edu,Male,121.39.226.97
303,Nerita,Fesby,nfesby8e@ucoz.com,Female,199.35.154.85
304,Marie,Conws,mconws8f@adobe.com,Female,140.83.121.111
305,Hector,Perrington,hperrington8g@vistaprint.com,Male,101.220.186.153
306,Corrie,Hynes,chynes8h@unc.edu,Male,76.65.218.100
307,Nerta,Theobold,ntheobold8i@symantec.com,Female,97.141.23.142
308,Shannon,Ibarra,sibarra8j@desdev.cn,Female,249.182.15.59
309,Darryl,Ellerton,dellerton8k@geocities.com,Female,42.38.175.74
310,Chaddy,Matessian,cmatessian8l@businessinsider.com,Male,41.41.144.243
311,Rosa,Dennant,rdennant8m@chronoengine.com,Female,164.218.133.231
312,Ingemar,Haresnape,iharesnape8n@nymag.com,Male,175.245.70.154
313,Eleanor,Kembry,ekembry8o@nationalgeographic.com,Female,238.218.162.236
314,Oliver,Delap,odelap8p@unesco.org,Male,124.17.157.171
315,Philbert,Kitson,pkitson8q@virginia.edu,Male,235.170.200.183
316,Maynard,Testin,mtestin8r@cnbc.com,Male,145.231.109.49
317,Serene,Cominoli,scominoli8s@desdev.cn,Female,62.82.138.104
318,Freida,Rimbault,frimbault8t@eventbrite.com,Female,84.9.230.169
319,Adelle,Lark,alark8u@ibm.com,Female,242.59.5.204
320,Aristotle,Ruusa,aruusa8v@reverbnation.com,Male,229.111.83.141
321,Durand,Karpets,dkarpets8w@skyrock.com,Male,22.202.188.135
322,Lonni,Charman,lcharman8x@samsung.com,Female,154.130.40.115
323,Dwain,Patry,dpatry8y@t-online.de,Male,254.17.203.67
324,Warde,Loudyan,wloudyan8z@bbc.co.uk,Male,231.18.128.86
325,Wyndham,Junkison,wjunkison90@sphinn.com,Male,211.2.59.117
326,Felicity,Hodgin,fhodgin91@t.co,Female,148.56.30.22
327,Templeton,Rolstone,trolstone92@wikimedia.org,Male,138.178.80.85
328,Annamarie,Cruikshanks,acruikshanks93@smugmug.com,Female,83.66.194.194
329,Lazarus,Kepp,lkepp94@ning.com,Male,39.78.67.55
330,Sibilla,Wrightim,swrightim95@ezinearticles.com,Female,194.0.28.59
331,Barbey,Glanton,bglanton96@shutterfly.com,Female,38.226.64.29
332,Tarah,McCuish,tmccuish97@squidoo.com,Female,133.150.209.38
333,Erek,Rosnau,erosnau98@imageshack.us,Male,160.108.254.251
334,Bernie,McKall,bmckall99@uiuc.edu,Male,65.51.180.36
335,Theresa,Davidi,tdavidi9a@oaic.gov.au,Female,24.199.81.211
336,Iain,Sindell,isindell9b@jimdo.com,Male,127.19.199.118
337,Munmro,Romer,mromer9c@de.vu,Male,33.61.41.159
338,Ahmad,Glanfield,aglanfield9d@mozilla.org,Male,207.218.254.156
339,Minny,Detoc,mdetoc9e@g.co,Female,15.73.157.81
340,Maybelle,Mannie,mmannie9f@noaa.gov,Female,197.100.141.135
341,Bax,Hillaby,bhillaby9g@census.gov,Male,52.207.187.222
342,Marietta,Seeler,mseeler9h@tinyurl.com,Male,253.240.39.195
343,Merell,Dedenham,mdedenham9i@nbcnews.com,Male,120.236.136.127
344,Darcey,Bentsen,dbentsen9j@squarespace.com,Female,247.179.106.7
345,Milo,Traviss,mtraviss9k@360.cn,Male,245.71.61.224
346,Aloysia,Jenson,ajenson9l@mlb.com,Female,170.214.85.166
347,Dasya,Lanceley,dlanceley9m@icq.com,Female,58.108.29.104
348,Glyn,Conibeer,gconibeer9n@ft.com,Female,78.115.161.168
349,Mark,Buffery,mbuffery9o@ted.com,Male,19.183.140.76
350,Starr,O'Hanley,sohanley9p@miibeian.gov.cn,Female,90.212.142.132
351,Balduin,Hardson,bhardson9q@ovh.net,Male,121.128.102.176
352,Leonelle,Dawley,ldawley9r@stumbleupon.com,Female,101.232.189.0
353,Chance,Doidge,cdoidge9s@cyberchimps.com,Male,83.221.32.77
354,Budd,Jirka,bjirka9t@livejournal.com,Male,147.237.193.44
355,Selie,Springell,sspringell9u@hhs.gov,Female,206.74.184.9
356,Jordanna,von Nassau,jvonnassau9v@issuu.com,Female,213.254.236.136
357,Boote,Lighterness,blighterness9w@ebay.com,Male,197.56.29.134
358,Nedi,Aberkirder,naberkirder9x@multiply.com,Female,63.75.215.122
359,John,Barthelmes,jbarthelmes9y@slideshare.net,Male,57.169.185.213
360,Gerianna,Sime,gsime9z@blogger.com,Female,7.14.18.146
361,Colman,Janecki,cjaneckia0@home.pl,Male,106.143.111.83
362,Vanya,Scorey,vscoreya1@cbslocal.com,Female,187.115.115.10
363,Meade,Cartwight,mcartwighta2@nhs.uk,Male,21.225.105.169
364,Zackariah,Klimsch,zklimscha3@biglobe.ne.jp,Male,110.82.120.57
365,Lesley,Petchell,lpetchella4@yahoo.co.jp,Female,193.174.142.210
366,Issie,MacQuarrie,imacquarriea5@trellian.com,Female,66.103.43.26
367,Rhonda,Abberley,rabberleya6@buzzfeed.com,Female,83.246.97.35
368,Kinsley,Waters,kwatersa7@opensource.org,Male,0.128.142.210
369,Sheffield,Bernon,sbernona8@tinyurl.com,Male,59.114.125.226
370,Roxi,Welburn,rwelburna9@wikipedia.org,Female,143.83.185.239
371,Angela,Robjents,arobjentsaa@skyrock.com,Female,83.84.71.88
372,Angus,Jurisic,ajurisicab@wired.com,Male,36.61.125.32
373,Nick,Lewsie,nlewsieac@4shared.com,Male,240.148.159.22
374,Moshe,Rourke,mrourkead@whitehouse.gov,Male,165.2.126.250
375,Judah,Neal,jnealae@examiner.com,Male,185.222.54.227
376,Dougy,Callery,dcalleryaf@weather.com,Male,199.226.56.77
377,Brana,Heppenspall,bheppenspallag@discuz.net,Female,56.213.209.18
378,Tybalt,Seery,tseeryah@pen.io,Male,167.234.188.107
379,Kelcy,Alejandri,kalejandriai@moonfruit.com,Female,68.111.99.193
380,Amara,Beels,abeelsaj@myspace.com,Female,71.31.11.234
381,Ringo,Dufer,rduferak@soundcloud.com,Male,46.98.219.190
382,Brittney,Palke,bpalkeal@scientificamerican.com,Female,236.13.52.67
383,Rhetta,Bogart,rbogartam@mit.edu,Female,253.15.98.15
384,Jobyna,Bril,jbrilan@mayoclinic.com,Female,71.157.47.203
385,Nydia,Tzarkov,ntzarkovao@samsung.com,Female,73.168.220.42
386,Kearney,Bach,kbachap@gizmodo.com,Male,196.126.149.94
387,Gerald,Sendley,gsendleyaq@skype.com,Male,130.154.237.246
388,Leia,Cacacie,lcacaciear@ning.com,Female,22.119.36.144
389,Ginger,Trevaskiss,gtrevaskissas@constantcontact.com,Female,145.255.243.89
390,Bryana,Gentile,bgentileat@unesco.org,Female,37.15.35.237
391,Neda,Raddan,nraddanau@google.de,Female,145.80.83.17
392,Rubin,Mussolini,rmussoliniav@ft.com,Male,190.103.54.178
393,Ashbey,Scotland,ascotlandaw@admin.ch,Male,183.219.237.162
394,Sancho,Jurgen,sjurgenax@taobao.com,Male,61.197.74.196
395,Tedman,Mum,tmumay@flavors.me,Male,130.40.150.247
396,Enriqueta,McQuin,emcquinaz@sciencedaily.com,Female,205.175.251.159
397,Evelin,Cruxton,ecruxtonb0@sun.com,Male,119.63.102.97
398,Basilius,Hukins,bhukinsb1@tripadvisor.com,Male,46.162.40.239
399,Marten,Neve,mneveb2@histats.com,Male,31.226.66.185
400,Margarita,Clemitt,mclemittb3@psu.edu,Female,94.167.12.255
401,Cris,Banishevitz,cbanishevitzb4@sohu.com,Female,141.115.5.85
402,Else,Hellmer,ehellmerb5@dedecms.com,Female,56.183.139.172
403,Kaylee,Fenix,kfenixb6@cyberchimps.com,Female,108.208.116.93
404,Jerrilyn,Peacock,jpeacockb7@tamu.edu,Female,110.215.134.19
405,Yolanthe,Geockle,ygeockleb8@booking.com,Female,146.67.74.6
406,Roz,Moncaster,rmoncasterb9@angelfire.com,Female,99.118.243.101
407,Kit,Clamo,kclamoba@macromedia.com,Male,137.146.15.232
408,Omar,Garard,ogarardbb@barnesandnoble.com,Male,113.164.139.202
409,Debee,Yonge,dyongebc@senate.gov,Female,203.79.249.36
410,Hilde,Cadden,hcaddenbd@youtube.com,Female,78.33.102.172
411,Nichols,Volke,nvolkebe@godaddy.com,Male,138.216.57.16
412,Marve,Rotchell,mrotchellbf@addthis.com,Male,195.99.38.27
413,Burl,Norquay,bnorquaybg@barnesandnoble.com,Male,180.193.137.228
414,Casie,Gorthy,cgorthybh@huffingtonpost.com,Female,200.188.117.85
415,Alane,Stopps,astoppsbi@umich.edu,Female,111.103.198.44
416,Katheryn,Mariner,kmarinerbj@simplemachines.org,Female,102.102.114.45
417,Clary,Flory,cflorybk@virginia.edu,Female,64.191.162.42
418,Austina,Shellard,ashellardbl@tripadvisor.com,Female,198.42.69.22
419,Guss,Larkin,glarkinbm@icio.us,Male,9.148.68.79
420,Livvy,Birch,lbirchbn@zimbio.com,Female,117.255.20.124
421,Marc,Cotte,mcottebo@biglobe.ne.jp,Male,194.184.204.207
422,Berk,Cockram,bcockrambp@princeton.edu,Male,179.1.18.178
423,Hayley,Addams,haddamsbq@friendfeed.com,Female,201.144.235.185
424,Meyer,Lickess,mlickessbr@walmart.com,Male,195.210.175.204
425,Byran,Baack,bbaackbs@sina.com.cn,Male,112.76.152.122
426,Ingelbert,Fulep,ifulepbt@ning.com,Male,193.241.91.239
427,Salvidor,Diver,sdiverbu@epa.gov,Male,136.231.138.36
428,Ileane,Howitt,ihowittbv@tinypic.com,Female,254.50.98.234
429,Dael,Prudham,dprudhambw@wikia.com,Male,111.0.133.169
430,Rickie,Cadagan,rcadaganbx@nymag.com,Female,106.179.51.157
431,Fraze,Prazor,fprazorby@networkadvertising.org,Male,113.218.170.204
432,Neel,Balcon,nbalconbz@twitter.com,Male,200.253.60.31
433,Edgard,Emmines,eemminesc0@chicagotribune.com,Male,185.54.62.212
434,Meggy,McIlharga,mmcilhargac1@wufoo.com,Female,204.206.187.40
435,Robinet,Romaine,rromainec2@elegantthemes.com,Male,13.124.61.23
436,Ricard,Hanlin,rhanlinc3@webeden.co.uk,Male,143.15.204.57
437,Fonzie,Goncaves,fgoncavesc4@photobucket.com,Male,214.26.218.197
438,Witty,McDonough,wmcdonoughc5@cnbc.com,Male,86.132.3.90
439,Melita,Willatt,mwillattc6@epa.gov,Female,166.175.29.120
440,Dermot,Burvill,dburvillc7@gnu.org,Male,2.69.117.232
441,Charles,Spieght,cspieghtc8@tuttocitta.it,Male,120.157.18.44
442,Constantia,Galton,cgaltonc9@nba.com,Female,239.74.49.172
443,Jacquenette,Artin,jartinca@indiatimes.com,Female,155.84.103.239
444,Beulah,O'Kerin,bokerincb@hao123.com,Female,56.77.162.118
445,Hodge,Goldin,hgoldincc@utexas.edu,Male,79.109.102.208
446,Creigh,Brenneke,cbrennekecd@de.vu,Male,115.12.85.132
447,Bethina,Stennet,bstennetce@mail.ru,Female,93.119.190.255
448,Guy,Bulfield,gbulfieldcf@is.gd,Male,75.9.52.86
449,Ethan,Allwell,eallwellcg@huffingtonpost.com,Male,9.255.249.51
450,Garrek,Nelles,gnellesch@naver.com,Male,233.178.74.112
451,Gerrie,Ardy,gardyci@yelp.com,Female,202.200.87.216
452,Casey,Gater,cgatercj@tripadvisor.com,Male,164.202.75.113
453,Theodor,Tome,ttomeck@histats.com,Male,177.3.116.158
454,Doralia,Hodinton,dhodintoncl@arstechnica.com,Female,239.79.58.30
455,Donalt,Ellul,dellulcm@ucla.edu,Male,110.200.105.6
456,Ema,Llewellin,ellewellincn@unicef.org,Female,180.223.186.76
457,Barbaraanne,Craddy,bcraddyco@amazon.com,Female,68.41.137.88
458,Anthea,Madsen,amadsencp@reverbnation.com,Female,62.200.87.219
459,Edik,Rays,erayscq@sciencedaily.com,Male,13.222.128.209
460,Ciro,Penzer,cpenzercr@usa.gov,Male,130.175.244.9
461,Dalia,Fores,dforescs@squidoo.com,Female,183.161.52.191
462,Glyn,Van Arsdalen,gvanarsdalenct@umn.edu,Male,19.94.162.188
463,Tait,Cowup,tcowupcu@slashdot.org,Male,158.25.92.62
464,Gianni,Grishin,ggrishincv@blogspot.com,Male,245.227.72.131
465,Thorny,Horche,thorchecw@prlog.org,Male,141.44.16.13
466,Thomasin,De Roberto,tderobertocx@statcounter.com,Female,14.30.37.15
467,Heinrick,Alderman,haldermancy@utexas.edu,Male,139.94.140.204
468,Silvan,Sommer,ssommercz@house.gov,Male,44.190.254.232
469,Merrile,Carnaman,mcarnamand0@networksolutions.com,Female,102.75.14.119
470,Marya,Moiser,mmoiserd1@reference.com,Female,138.151.232.170
471,Matelda,Olney,molneyd2@about.me,Female,53.156.89.184
472,Goober,McReath,gmcreathd3@yandex.ru,Male,0.233.208.81
473,Fernanda,Klimowski,fklimowskid4@seattletimes.com,Female,53.80.33.69
474,Alic,Dono,adonod5@seesaa.net,Male,112.233.28.84
475,Aidan,Netti,anettid6@dion.ne.jp,Female,49.75.26.193
476,Allsun,Manketell,amanketelld7@wikipedia.org,Female,106.131.135.82
477,Alan,Kidson,akidsond8@list-manage.com,Male,140.186.104.186
478,Albie,Skirvin,askirvind9@pagesperso-orange.fr,Male,69.130.151.126
479,Karlyn,Nesbitt,knesbittda@mashable.com,Female,21.250.13.106
480,Star,Guage,sguagedb@cornell.edu,Female,171.6.213.85
481,Sayer,Fettiplace,sfettiplacedc@google.ca,Male,114.23.101.230
482,Tyne,Allday,talldaydd@github.com,Female,196.107.63.222
483,Sergent,Leverson,sleversonde@reverbnation.com,Male,63.147.178.221
484,Alick,Panchen,apanchendf@microsoft.com,Male,59.194.67.123
485,Zorine,Dagwell,zdagwelldg@elpais.com,Female,122.209.65.91
486,Kennedy,Joderli,kjoderlidh@cargocollective.com,Male,152.87.167.61
487,Iago,Sackes,isackesdi@nhs.uk,Male,82.252.132.209
488,Celeste,Terrell,cterrelldj@marketwatch.com,Female,125.110.118.177
489,Benedetta,Wardlaw,bwardlawdk@scribd.com,Female,249.251.201.216
490,Reginauld,Cosgreave,rcosgreavedl@washington.edu,Male,2.16.219.99
491,Clerissa,Naismith,cnaismithdm@ted.com,Female,251.159.244.51
492,Cyrille,Weitzel,cweitzeldn@nhs.uk,Male,222.76.141.37
493,Chandler,Askey,caskeydo@de.vu,Male,230.61.195.73
494,Mallory,Michael,mmichaeldp@virginia.edu,Female,212.104.10.193
495,Gerri,Hallut,ghallutdq@howstuffworks.com,Female,42.161.15.225
496,Xenia,Tafani,xtafanidr@altervista.org,Female,7.61.51.252
497,Tucker,Mosson,tmossonds@toplist.cz,Male,10.56.219.142
498,Kelly,Van der Merwe,kvandermerwedt@youtu.be,Male,128.129.192.218
499,Jolie,Hurdwell,jhurdwelldu@yahoo.com,Female,0.161.123.122
500,Jennette,Tommen,jtommendv@ted.com,Female,145.99.248.23
501,Hewitt,Ahren,hahrendw@adobe.com,Male,250.197.242.230
502,Dew,Tiller,dtillerdx@diigo.com,Male,75.123.48.146
503,Ginnifer,Rootham,groothamdy@google.cn,Female,202.114.60.182
504,Shandy,Gerner,sgernerdz@godaddy.com,Female,89.20.35.49
505,Eleanor,Pagden,epagdene0@columbia.edu,Female,63.122.88.140
506,Brant,Tinmouth,btinmouthe1@china.com.cn,Male,36.48.176.174
507,Renate,Portwain,rportwaine2@slideshare.net,Female,31.17.157.151
508,Ingmar,Monsey,imonseye3@patch.com,Male,80.68.94.129
509,Keeley,Dumbreck,kdumbrecke4@blogger.com,Female,210.61.237.229
510,Hadria,Hartland,hhartlande5@examiner.com,Female,190.121.176.69
511,Franklin,Matthews,fmatthewse6@creativecommons.org,Male,103.206.10.50
512,Antonina,Blakelock,ablakelocke7@mapy.cz,Female,2.23.108.79
513,Justis,Blunt,jblunte8@vinaora.com,Male,202.143.214.247
514,Sibelle,Mucci,smuccie9@ucoz.ru,Female,135.105.78.132
515,Lester,Bruty,lbrutyea@mit.edu,Male,201.54.204.160
516,Thain,Peasby,tpeasbyeb@netvibes.com,Male,112.91.83.243
517,Vale,Rabat,vrabatec@usnews.com,Male,25.228.91.62
518,Candide,Ramlot,cramloted@ow.ly,Female,176.125.37.170
519,Reynold,Flucker,rfluckeree@cnet.com,Male,96.198.38.210
520,Micaela,Ciccotti,mciccottief@networksolutions.com,Female,17.92.242.225
521,Kristine,Gawthorp,kgawthorpeg@prnewswire.com,Female,5.247.108.97
522,Valencia,Brigdale,vbrigdaleeh@usnews.com,Female,52.124.37.28
523,Issi,Cogger,icoggerei@nbcnews.com,Female,61.177.198.225
524,Molly,Birtwhistle,mbirtwhistleej@businessweek.com,Female,21.73.6.119
525,Arvie,Lagadu,alagaduek@wiley.com,Male,192.207.228.7
526,Sherlock,Loins,sloinsel@aol.com,Male,118.32.217.136
527,Stephanie,Purcell,spurcellem@ed.gov,Female,70.0.234.91
528,Lief,Crepin,lcrepinen@examiner.com,Male,130.133.197.119
529,Olympe,Bonde,obondeeo@businessinsider.com,Female,123.112.219.149
530,Eloise,Ditchett,editchettep@reverbnation.com,Female,197.75.57.213
531,Claudius,Cowcha,ccowchaeq@loc.gov,Male,171.222.51.250
532,Baillie,Ridings,bridingser@ca.gov,Male,182.18.244.45
533,Shanie,Fetherstonhaugh,sfetherstonhaughes@indiegogo.com,Female,41.241.225.63
534,Matilda,Jurczyk,mjurczyket@ow.ly,Female,143.171.6.183
535,Jeniece,Tuckey,jtuckeyeu@123-reg.co.uk,Female,255.71.17.142
536,Antonin,Hanes,ahanesev@cnbc.com,Male,178.86.16.42
537,Lise,Coupe,lcoupeew@icq.com,Female,254.31.130.100
538,Onida,Manuely,omanuelyex@privacy.gov.au,Female,186.61.220.39
539,Judd,Hegel,jhegeley@lulu.com,Male,55.194.34.116
540,Shadow,Lambertson,slambertsonez@cornell.edu,Male,43.100.220.242
541,Dud,Toor,dtoorf0@sogou.com,Male,118.118.244.253
542,Raynard,Gettens,rgettensf1@deliciousdays.com,Male,0.207.189.212
543,Garold,Harnor,gharnorf2@gravatar.com,Male,2.85.16.50
544,Avril,Kull,akullf3@ft.com,Female,199.241.192.231
545,Emmalynn,Absalom,eabsalomf4@barnesandnoble.com,Female,3.56.7.146
546,Pammi,Bovis,pbovisf5@shutterfly.com,Female,140.40.187.167
547,Bradan,Cleyburn,bcleyburnf6@aboutads.info,Male,240.68.196.140
548,Lyon,Ayres,layresf7@cbslocal.com,Male,211.220.101.52
549,Merle,Domnick,mdomnickf8@github.com,Male,82.92.241.117
550,Florence,Tyrrell,ftyrrellf9@photobucket.com,Female,183.156.181.223
551,Natty,Tidy,ntidyfa@java.com,Male,176.216.173.234
552,Bo,Hullah,bhullahfb@google.co.uk,Male,227.121.83.97
553,Lesley,McNiven,lmcnivenfc@live.com,Male,3.123.187.189
554,Anya,Bilyard,abilyardfd@irs.gov,Female,232.180.206.85
555,Keelby,Morecomb,kmorecombfe@domainmarket.com,Male,229.30.89.133
556,Ferris,Butner,fbutnerff@si.edu,Male,186.206.25.118
557,Annetta,Kittley,akittleyfg@google.fr,Female,173.124.236.52
558,Eb,Youdell,eyoudellfh@creativecommons.org,Male,217.233.199.233
559,Michel,Soloway,msolowayfi@cafepress.com,Male,145.89.192.157
560,Ruthe,Burgum,rburgumfj@webnode.com,Female,182.53.136.57
561,Beatriz,Enga,bengafk@foxnews.com,Female,227.107.226.33
562,Viola,De Gregorio,vdegregoriofl@bizjournals.com,Female,124.46.175.112
563,Arnaldo,Mourant,amourantfm@wisc.edu,Male,222.202.116.239
564,Chet,Varndell,cvarndellfn@umich.edu,Male,121.145.75.65
565,Hinda,Bru,hbrufo@bbc.co.uk,Female,181.161.245.89
566,Filia,Bruneau,fbruneaufp@independent.co.uk,Female,97.29.182.23
567,Rorie,McMinn,rmcminnfq@bizjournals.com,Female,30.39.74.238
568,Charlton,Giovanni,cgiovannifr@cisco.com,Male,100.172.22.43
569,Martie,Tolliday,mtollidayfs@bloglines.com,Male,205.91.167.110
570,Bryant,Vequaud,bvequaudft@tumblr.com,Male,43.37.82.244
571,Noemi,Stain,nstainfu@bbb.org,Female,76.253.103.56
572,Bennett,Burgis,bburgisfv@pagesperso-orange.fr,Male,196.183.10.218
573,Barron,Biddy,bbiddyfw@wordpress.com,Male,232.7.50.39
574,Kendrick,d' Eye,kdeyefx@sciencedaily.com,Male,34.5.92.28
575,Desi,Casini,dcasinify@weebly.com,Male,253.205.226.148
576,Arty,Schukert,aschukertfz@infoseek.co.jp,Male,18.82.247.110
577,Galven,Ifill,gifillg0@elpais.com,Male,72.193.23.76
578,Odella,Fallowfield,ofallowfieldg1@pinterest.com,Female,249.124.240.113
579,Cort,Downes,cdownesg2@sitemeter.com,Male,1.162.94.95
580,Tammy,Lourenco,tlourencog3@un.org,Female,211.71.133.254
581,Isador,Wrigglesworth,iwrigglesworthg4@msu.edu,Male,65.234.34.132
582,Raffarty,Kenrick,rkenrickg5@alibaba.com,Male,9.223.7.237
583,Georgette,Beveridge,gbeveridgeg6@nydailynews.com,Female,39.3.8.67
584,Matt,Dancey,mdanceyg7@nhs.uk,Male,253.13.30.190
585,Mohandis,Orcott,morcottg8@chicagotribune.com,Male,178.15.55.35
586,Eveline,Tirkin,etirking9@google.es,Female,56.62.109.134
587,Reeta,Coveny,rcovenyga@blogtalkradio.com,Female,238.57.53.250
588,Loy,Sayce,lsaycegb@altervista.org,Male,62.216.226.108
589,Ophelia,Creighton,ocreightongc@tuttocitta.it,Female,7.55.15.86
590,William,Ketchell,wketchellgd@hatena.ne.jp,Male,200.94.126.32
591,Kara,Edeler,kedelerge@shinystat.com,Female,99.177.93.176
592,Crystie,Isenor,cisenorgf@netlog.com,Female,69.167.34.105
593,Elfreda,Killby,ekillbygg@github.io,Female,56.145.35.35
594,Morgun,Eighteen,meighteengh@vk.com,Male,63.140.230.33
595,Emelia,MacCague,emaccaguegi@unicef.org,Female,249.55.91.40
596,Lucia,Brendeke,lbrendekegj@ibm.com,Female,160.126.4.254
597,Cleveland,Leamy,cleamygk@myspace.com,Male,110.247.29.250
598,Matty,Dominichetti,mdominichettigl@sohu.com,Male,160.23.176.15
599,Alfie,Scroxton,ascroxtongm@apache.org,Male,216.132.134.62
600,Georgianne,Bottrill,gbottrillgn@mac.com,Female,151.133.132.84
601,Artemis,Glander,aglandergo@friendfeed.com,Male,217.102.191.207
602,Haskell,Handrick,hhandrickgp@wikipedia.org,Male,250.212.119.181
603,Worthington,Croysdale,wcroysdalegq@springer.com,Male,249.59.31.91
604,Rex,De La Coste,rdelacostegr@csmonitor.com,Male,194.31.139.218
605,Worthington,Dupey,wdupeygs@technorati.com,Male,67.250.189.17
606,Joey,Thurner,jthurnergt@yahoo.com,Male,144.154.188.157
607,Tobin,MacKibbon,tmackibbongu@canalblog.com,Male,110.114.54.107
608,Brinna,Neild,bneildgv@wikimedia.org,Female,35.184.211.244
609,Eadith,Leborgne,eleborgnegw@upenn.edu,Female,12.199.128.121
610,Bengt,Bleue,bbleuegx@state.tx.us,Male,234.28.70.147
611,Alexa,Castellone,acastellonegy@nps.gov,Female,136.216.104.193
612,Ashla,Held,aheldgz@oracle.com,Female,201.45.15.30
613,Jammie,Astupenas,jastupenash0@tinypic.com,Female,160.164.117.96
614,Hurlee,Caizley,hcaizleyh1@lulu.com,Male,149.246.126.117
615,Harley,Archell,harchellh2@sohu.com,Female,178.66.182.205
616,Karleen,Nottingham,knottinghamh3@geocities.jp,Female,8.116.89.34
617,Karleen,Tattersall,ktattersallh4@statcounter.com,Female,21.68.139.216
618,Ninnette,Ilyenko,nilyenkoh5@senate.gov,Female,127.130.40.39
619,Tiffi,Taffe,ttaffeh6@diigo.com,Female,75.239.89.88
620,Elston,Hinchon,ehinchonh7@reference.com,Male,98.171.104.173
621,Charity,Collman,ccollmanh8@apache.org,Female,59.29.184.88
622,Royal,Tourne,rtourneh9@uiuc.edu,Male,178.5.197.63
623,Franklin,Cowle,fcowleha@skyrock.com,Male,104.6.45.86
624,Reynold,Tomsen,rtomsenhb@wikimedia.org,Male,108.108.37.186
625,Irving,Maciaszek,imaciaszekhc@wikipedia.org,Male,8.196.177.63
626,Zachary,Fawlks,zfawlkshd@ameblo.jp,Male,125.249.138.108
627,Anastassia,Lambrick,alambrickhe@house.gov,Female,125.130.144.33
628,Norma,Philipsson,nphilipssonhf@canalblog.com,Female,93.40.29.140
629,Eustace,Infantino,einfantinohg@home.pl,Male,197.212.80.172
630,Ingaberg,Minithorpe,iminithorpehh@trellian.com,Female,91.136.10.178
631,Dana,Cringle,dcringlehi@illinois.edu,Male,226.50.80.156
632,Diahann,Felce,dfelcehj@mit.edu,Female,152.65.160.180
633,Clark,Alloisi,calloisihk@dell.com,Male,63.198.224.15
634,Bronny,Tapsell,btapsellhl@hao123.com,Male,144.137.241.159
635,Roxana,Finlaison,rfinlaisonhm@china.com.cn,Female,111.116.53.139
636,Yanaton,Guerre,yguerrehn@ezinearticles.com,Male,136.168.26.170
637,Patrica,Turvie,pturvieho@furl.net,Female,84.5.231.217
638,Gillan,Plunkett,gplunketthp@bloglines.com,Female,52.55.74.144
639,Jourdain,McBrier,jmcbrierhq@youku.com,Male,129.252.227.57
640,Nanine,Dabernott,ndabernotthr@booking.com,Female,28.122.27.155
641,Zelig,Fanner,zfannerhs@cornell.edu,Male,138.154.91.121
642,Tremain,Story,tstoryht@plala.or.jp,Male,131.141.17.250
643,Dyanne,Rappoport,drappoporthu@tiny.cc,Female,59.216.182.43
644,Stirling,Graben,sgrabenhv@umich.edu,Male,64.197.166.31
645,Alden,Goodby,agoodbyhw@cmu.edu,Male,234.176.91.212
646,Catharina,Jaine,cjainehx@behance.net,Female,164.194.142.246
647,Pauline,Kelsall,pkelsallhy@wiley.com,Female,236.213.165.142
648,Birgitta,Newvill,bnewvillhz@miibeian.gov.cn,Female,204.9.241.82
649,Robbie,Kahane,rkahanei0@tiny.cc,Female,16.61.44.1
650,Broderick,Cottier,bcottieri1@twitter.com,Male,173.53.38.20
651,Wynn,Chatelot,wchateloti2@businessweek.com,Male,231.49.98.121
652,Granville,Scholfield,gscholfieldi3@freewebs.com,Male,103.27.40.251
653,Farlie,Armstead,farmsteadi4@wisc.edu,Male,129.54.245.49
654,Minor,Fibbit,mfibbiti5@oaic.gov.au,Male,107.169.100.124
655,Kathrine,Siddle,ksiddlei6@alibaba.com,Female,69.34.49.231
656,Ogdon,Michurin,omichurini7@ustream.tv,Male,249.111.9.27
657,Tedra,Skehan,tskehani8@phpbb.com,Female,196.247.114.223
658,Kamillah,Arnli,karnlii9@gravatar.com,Female,155.198.250.26
659,Fayette,Stribling,fstriblingia@odnoklassniki.ru,Female,60.89.249.128
660,Shawnee,Fursey,sfurseyib@163.com,Female,254.159.123.254
661,Brenden,Bown,bbownic@a8.net,Male,141.75.180.88
662,Lizbeth,Parsell,lparsellid@creativecommons.org,Female,251.114.6.150
663,Janie,Lingwood,jlingwoodie@wikimedia.org,Female,204.52.248.134
664,Danni,Caughan,dcaughanif@pinterest.com,Female,66.109.226.179
665,Sada,Lawn,slawnig@cnbc.com,Female,84.84.177.32
666,Fin,Guilloneau,fguilloneauih@yelp.com,Male,74.121.250.203
667,Fredelia,Aizikowitz,faizikowitzii@wordpress.com,Female,50.106.62.77
668,Rosalinda,Jobin,rjobinij@purevolume.com,Female,159.25.76.3
669,Yves,Limbourne,ylimbourneik@mozilla.com,Male,248.121.118.75
670,Ginni,Follett,gfollettil@virginia.edu,Female,56.63.139.176
671,Johnna,Agronski,jagronskiim@sohu.com,Female,244.74.198.57
672,Shirleen,Tanman,stanmanin@telegraph.co.uk,Female,126.109.163.96
673,Dill,Lowre,dlowreio@cloudflare.com,Male,224.59.69.186
674,Valina,McKinlay,vmckinlayip@ovh.net,Female,70.129.88.23
675,Walker,Lomond,wlomondiq@patch.com,Male,182.114.141.220
676,Konstantine,Canada,kcanadair@csmonitor.com,Male,160.140.129.31
677,Franny,Gorrissen,fgorrissenis@flavors.me,Male,151.200.195.203
678,Joaquin,Karlik,jkarlikit@lulu.com,Male,239.5.141.255
679,Alberto,Mongenot,amongenotiu@prweb.com,Male,93.197.186.122
680,Donny,Guwer,dguweriv@dailymotion.com,Male,111.199.162.8
681,Marinna,Whales,mwhalesiw@wikimedia.org,Female,193.189.1.202
682,Yale,O'Reilly,yoreillyix@live.com,Male,74.14.252.60
683,Dorian,Prattin,dprattiniy@themeforest.net,Female,114.63.48.172
684,Gaby,Mosten,gmosteniz@bluehost.com,Female,193.62.86.2
685,Ardelia,O'Sheils,aosheilsj0@joomla.org,Female,217.67.14.105
686,Juan,Dello,jdelloj1@eventbrite.com,Male,135.154.107.127
687,Bradley,Paulet,bpauletj2@columbia.edu,Male,198.23.108.190
688,Tabby,Pallis,tpallisj3@unblog.fr,Female,244.241.116.56
689,Massimo,Acarson,macarsonj4@blogger.com,Male,148.13.223.243
690,Therine,Balcock,tbalcockj5@webs.com,Female,92.100.225.49
691,Filmore,Kirkwood,fkirkwoodj6@mayoclinic.com,Male,149.174.107.135
692,Garfield,Yakovl,gyakovlj7@state.gov,Male,91.218.187.64
693,Leila,McVitie,lmcvitiej8@blog.com,Female,121.122.242.21
694,Kerrin,Sondon,ksondonj9@ft.com,Female,236.180.95.183
695,Gordan,Padbury,gpadburyja@toplist.cz,Male,56.254.181.244
696,Francklin,Jikovsky,fjikovskyjb@mlb.com,Male,182.14.46.145
697,Mariya,Hallet,mhalletjc@bing.com,Female,55.164.73.71
698,Hatty,Nathon,hnathonjd@last.fm,Female,3.37.206.139
699,Kit,Southam,ksouthamje@zimbio.com,Male,228.89.235.54
700,Yolanda,Connichie,yconnichiejf@soup.io,Female,53.208.8.68
701,Juliette,Ferbrache,jferbrachejg@trellian.com,Female,43.227.209.110
702,Sheridan,Kyffin,skyffinjh@yelp.com,Male,244.223.21.33
703,Frayda,Ferry,fferryji@tinyurl.com,Female,218.191.140.10
704,Carlynne,Okill,cokilljj@oaic.gov.au,Female,16.24.133.120
705,Lydia,Athelstan,lathelstanjk@bandcamp.com,Female,220.25.100.66
706,Lucian,Whales,lwhalesjl@rakuten.co.jp,Male,243.222.86.29
707,Klarika,Trevains,ktrevainsjm@springer.com,Female,242.103.78.144
708,Aurlie,Parlett,aparlettjn@live.com,Female,42.184.240.127
709,Ninnetta,Liggett,nliggettjo@china.com.cn,Female,104.234.50.134
710,Estrellita,Ducker,educkerjp@github.io,Female,94.199.191.240
711,Harrietta,Tincombe,htincombejq@icq.com,Female,220.60.65.224
712,Dilan,Pinsent,dpinsentjr@umich.edu,Male,199.34.84.164
713,Kayle,Westcott,kwestcottjs@cisco.com,Female,107.59.29.172
714,Robinson,Klulik,rklulikjt@nature.com,Male,65.18.109.50
715,Ekaterina,Corrison,ecorrisonju@so-net.ne.jp,Female,228.176.43.77
716,Cynthea,Cregg,ccreggjv@forbes.com,Female,200.106.0.246
717,Farrah,Pantin,fpantinjw@altervista.org,Female,129.244.192.51
718,Emmy,Burfield,eburfieldjx@vistaprint.com,Male,224.135.148.92
719,Milt,Le Galle,mlegallejy@china.com.cn,Male,88.251.226.237
720,Aylmar,Erik,aerikjz@paginegialle.it,Male,185.245.195.178
721,Hedda,Folliss,hfollissk0@gravatar.com,Female,144.103.126.120
722,Mira,Lukianov,mlukianovk1@paginegialle.it,Female,189.224.58.113
723,Arlene,Montrose,amontrosek2@columbia.edu,Female,139.52.179.184
724,Irvin,Wagstaffe,iwagstaffek3@delicious.com,Male,197.170.202.111
725,Ramon,Levane,rlevanek4@salon.com,Male,14.89.179.205
726,Jerrome,Badsey,jbadseyk5@mac.com,Male,35.160.94.180
727,Bertine,Acedo,bacedok6@independent.co.uk,Female,116.208.215.236
728,Shayne,Crellim,screllimk7@furl.net,Male,124.78.81.69
729,Traver,Loxston,tloxstonk8@bbb.org,Male,252.225.131.118
730,Lynnelle,Robertsson,lrobertssonk9@virginia.edu,Female,62.32.251.187
731,Ronni,Fieldsend,rfieldsendka@networksolutions.com,Female,74.160.91.66
732,Alick,Dransfield,adransfieldkb@sun.com,Male,77.142.84.13
733,Meridel,Le Noir,mlenoirkc@redcross.org,Female,243.174.29.137
734,Jenn,Entwistle,jentwistlekd@home.pl,Female,131.155.170.92
735,Killie,Gillooly,kgilloolyke@intel.com,Male,127.135.140.232
736,Eldin,Toppin,etoppinkf@ft.com,Male,65.77.30.19
737,Danica,Titterton,dtittertonkg@washingtonpost.com,Female,48.190.25.52
738,Anallise,Bartolomeu,abartolomeukh@tinyurl.com,Female,165.202.16.221
739,Ivie,Arlt,iarltki@msu.edu,Female,167.92.63.124
740,Marlene,Handscombe,mhandscombekj@cbslocal.com,Female,89.47.85.61
741,Pennie,Bealton,pbealtonkk@xing.com,Male,69.214.24.179
742,Lorelei,Galler,lgallerkl@army.mil,Female,194.182.121.4
743,Tadeo,Peirone,tpeironekm@indiatimes.com,Male,177.229.175.172
744,Aube,Brangan,abrangankn@wordpress.org,Male,91.133.202.124
745,Kissie,Keely,kkeelyko@apache.org,Female,99.42.194.124
746,Candie,Tarry,ctarrykp@ebay.com,Female,155.106.219.104
747,Inger,Slixby,islixbykq@amazon.de,Female,92.116.145.145
748,Jacinthe,Boler,jbolerkr@google.co.uk,Female,67.69.116.244
749,Diarmid,Anelay,danelayks@yahoo.co.jp,Male,241.16.31.180
750,Neron,Karys,nkaryskt@prnewswire.com,Male,112.213.148.15
751,Dun,Brittian,dbrittianku@51.la,Male,73.49.181.94
752,Zed,Potkin,zpotkinkv@patch.com,Male,52.51.248.68
753,Vivien,Sleaford,vsleafordkw@sohu.com,Female,226.9.156.200
754,Dalila,Marran,dmarrankx@t-online.de,Female,115.235.34.1
755,Matteo,Elbourne,melbourneky@yale.edu,Male,72.27.246.167
756,Martha,Escot,mescotkz@blinklist.com,Female,54.233.38.143
757,Ase,Toquet,atoquetl0@abc.net.au,Male,28.173.252.152
758,Lonnard,Nock,lnockl1@indiatimes.com,Male,29.19.151.127
759,Odelle,Brugh,obrughl2@cpanel.net,Female,195.182.107.249
760,Enos,Inworth,einworthl3@youtube.com,Male,157.250.238.143
761,Fawn,Sloper,fsloperl4@sbwire.com,Female,210.60.49.214
762,Aldin,Kelston,akelstonl5@squarespace.com,Male,67.108.130.21
763,Desdemona,Glander,dglanderl6@ebay.co.uk,Female,10.85.151.217
764,Thacher,Matthewson,tmatthewsonl7@dmoz.org,Male,201.254.108.103
765,Alaric,Cryer,acryerl8@canalblog.com,Male,125.236.252.26
766,Duane,Crafts,dcraftsl9@loc.gov,Male,1.226.119.227
767,Concettina,Logsdail,clogsdailla@paypal.com,Female,255.156.129.102
768,Nadiya,O'Duane,noduanelb@youtube.com,Female,232.212.54.68
769,Devland,Robinett,drobinettlc@jimdo.com,Male,106.36.183.64
770,Packston,Atkins,patkinsld@japanpost.jp,Male,213.61.89.108
771,Spenser,Cud,scudle@hhs.gov,Male,120.252.198.88
772,Costanza,Robarts,crobartslf@nba.com,Female,246.136.46.10
773,Dena,Cottrill,dcottrilllg@dedecms.com,Female,136.222.121.6
774,Berny,Cullington,bcullingtonlh@chronoengine.com,Female,52.195.234.197
775,Theobald,Dudbridge,tdudbridgeli@woothemes.com,Male,165.234.82.32
776,Franny,Lodevick,flodevicklj@gnu.org,Male,213.241.207.242
777,Winthrop,Housegoe,whousegoelk@mashable.com,Male,122.108.150.79
778,Yancey,Blandamore,yblandamorell@marketwatch.com,Male,56.160.38.224
779,Homer,Segebrecht,hsegebrechtlm@topsy.com,Male,226.5.109.194
780,Maryanne,Myall,mmyallln@mozilla.com,Female,42.103.114.213
781,Borden,Lidgate,blidgatelo@thetimes.co.uk,Male,21.105.120.126
782,Ros,Pointer,rpointerlp@ebay.co.uk,Female,133.64.6.134
783,Genna,Caudle,gcaudlelq@springer.com,Female,81.230.183.68
784,Ammamaria,Erickson,aericksonlr@hibu.com,Female,78.6.138.114
785,Maren,Monkeman,mmonkemanls@bizjournals.com,Female,91.131.145.19
786,Elton,Chatfield,echatfieldlt@qq.com,Male,100.1.188.114
787,Ambrosi,Scheffler,aschefflerlu@japanpost.jp,Male,167.163.187.175
788,Dalton,Absolem,dabsolemlv@zimbio.com,Male,141.137.224.63
789,Luisa,Sapey,lsapeylw@altervista.org,Female,1.210.61.48
790,Sibilla,Dable,sdablelx@slashdot.org,Female,121.118.62.21
791,Shela,Bugden,sbugdenly@phoca.cz,Female,238.92.246.0
792,Emmye,Pybus,epybuslz@google.pl,Female,168.161.251.222
793,Anny,Marryatt,amarryattm0@senate.gov,Female,253.192.34.142
794,Shayna,Naish,snaishm1@mayoclinic.com,Female,121.208.107.144
795,Corrianne,Hinkens,chinkensm2@telegraph.co.uk,Female,223.114.91.94
796,Padgett,Ruppele,pruppelem3@friendfeed.com,Male,114.253.173.63
797,Mathian,Shawcross,mshawcrossm4@amazon.co.jp,Male,66.38.193.10
798,Laurie,Costelloe,lcostelloem5@sciencedaily.com,Female,62.252.254.167
799,Lyle,MacAlpin,lmacalpinm6@wired.com,Male,130.19.213.76
800,Bartholomeo,Hutcheon,bhutcheonm7@icio.us,Male,94.108.182.213
801,Davy,Rispen,drispenm8@canalblog.com,Male,109.207.44.185
802,Toddie,Geck,tgeckm9@themeforest.net,Male,222.171.21.34
803,Emmalynn,Elham,eelhamma@blogger.com,Female,66.210.217.11
804,Isaak,Lettice,iletticemb@geocities.com,Male,175.203.220.124
805,Tobias,McFadyen,tmcfadyenmc@google.com.hk,Male,23.85.238.247
806,Elmer,Wawer,ewawermd@businesswire.com,Male,142.76.7.132
807,Bale,Ferrandez,bferrandezme@altervista.org,Male,145.147.9.1
808,Hollis,Mattheissen,hmattheissenmf@usatoday.com,Male,43.224.89.204
809,Lorens,Entwistle,lentwistlemg@youtu.be,Male,35.1.0.245
810,Adolpho,Rubbens,arubbensmh@hc360.com,Male,176.155.247.131
811,Kordula,Toghill,ktoghillmi@geocities.com,Female,242.170.163.48
812,Hakim,Zavattiero,hzavattieromj@earthlink.net,Male,5.35.190.93
813,Lanae,Lamasna,llamasnamk@psu.edu,Female,1.29.115.146
814,Venus,Yakovl,vyakovlml@springer.com,Female,126.140.227.120
815,Agnola,Heart,aheartmm@godaddy.com,Female,69.71.88.39
816,Moina,Blazic,mblazicmn@tripadvisor.com,Female,195.249.38.230
817,Shem,Deakes,sdeakesmo@google.com,Male,90.13.74.249
818,Nicola,Kuhnhardt,nkuhnhardtmp@cocolog-nifty.com,Male,6.120.136.123
819,Bertram,Wallace,bwallacemq@wisc.edu,Male,59.47.240.226
820,Rhetta,Buddles,rbuddlesmr@rediff.com,Female,53.246.108.63
821,Dunstan,Kehoe,dkehoems@aboutads.info,Male,16.72.234.138
822,Patience,Yesichev,pyesichevmt@skype.com,Female,251.73.179.104
823,Halsy,Tapper,htappermu@ed.gov,Male,47.158.239.151
824,Hermon,Ludlam,hludlammv@cisco.com,Male,18.34.151.189
825,Angelico,Wych,awychmw@tripod.com,Male,86.201.145.115
826,Averil,Burgis,aburgismx@ed.gov,Female,244.69.179.104
827,Carole,Disley,cdisleymy@cbsnews.com,Female,171.4.126.188
828,Archy,Bengle,abenglemz@xrea.com,Male,106.112.167.250
829,Kelila,Caw,kcawn0@tumblr.com,Female,52.250.165.135
830,Karissa,Kemball,kkemballn1@springer.com,Female,152.91.68.128
831,Evaleen,Hillen,ehillenn2@about.me,Female,227.59.179.15
832,Corbet,Caw,ccawn3@theatlantic.com,Male,39.5.80.207
833,Buiron,Cotterel,bcottereln4@chron.com,Male,161.185.244.92
834,Linus,Dowsey,ldowseyn5@independent.co.uk,Male,184.41.249.11
835,Kaitlynn,Brockwell,kbrockwelln6@utexas.edu,Female,0.178.132.74
836,Giorgia,Luparto,gluparton7@chron.com,Female,106.201.185.207
837,Vivianne,Pfeifer,vpfeifern8@usa.gov,Female,188.246.247.42
838,Hobard,Bowle,hbowlen9@hibu.com,Male,147.27.238.134
839,Kirstyn,Pecey,kpeceyna@yahoo.co.jp,Female,100.76.31.113
840,Quillan,Bonellie,qbonellienb@usgs.gov,Male,83.98.208.226
841,Monica,Pifford,mpiffordnc@usgs.gov,Female,233.58.150.136
842,Roderich,Smallridge,rsmallridgend@marriott.com,Male,188.31.76.99
843,Gena,Johannesson,gjohannessonne@de.vu,Female,130.89.143.152
844,Gusty,Matthew,gmatthewnf@yahoo.com,Female,58.132.14.60
845,Kleon,Kynnd,kkynndng@geocities.com,Male,188.202.117.93
846,Welby,Ahrend,wahrendnh@furl.net,Male,73.131.248.217
847,Lilith,Starr,lstarrni@barnesandnoble.com,Female,49.204.9.6
848,Torrey,Heinzler,theinzlernj@instagram.com,Male,6.111.195.151
849,Natasha,Burkert,nburkertnk@weibo.com,Female,10.226.109.33
850,Tiffani,Burnitt,tburnittnl@vimeo.com,Female,133.190.123.123
851,Nickola,Candish,ncandishnm@bbc.co.uk,Male,212.168.131.223
852,Juanita,Wootton,jwoottonnn@surveymonkey.com,Female,170.47.13.11
853,Gigi,Gregoli,ggregolino@squarespace.com,Female,10.214.248.85
854,Alard,Wardale,awardalenp@harvard.edu,Male,128.6.39.50
855,Nevil,Rising,nrisingnq@feedburner.com,Male,113.195.30.147
856,Pierson,Brownill,pbrownillnr@about.com,Male,23.133.248.226
857,Augie,Benion,abenionns@php.net,Male,146.183.200.139
858,Annabel,Jobern,ajobernnt@barnesandnoble.com,Female,151.140.187.235
859,Michal,Crayden,mcraydennu@tiny.cc,Male,192.60.85.95
860,Norina,Ayrton,nayrtonnv@soundcloud.com,Female,209.236.156.221
861,Pepita,Kaiser,pkaisernw@epa.gov,Female,108.98.209.217
862,Efrem,Hendrickson,ehendricksonnx@jiathis.com,Male,18.70.4.138
863,Brigit,Middlehurst,bmiddlehurstny@wsj.com,Female,173.152.124.130
864,Lona,Gale,lgalenz@redcross.org,Female,159.208.12.54
865,Rowney,Mahoney,rmahoneyo0@tinypic.com,Male,0.151.129.248
866,Johnath,Morsey,jmorseyo1@behance.net,Female,52.123.192.17
867,Conrad,Anfosso,canfossoo2@addtoany.com,Male,102.85.114.84
868,Chickie,Minihane,cminihaneo3@bloomberg.com,Female,172.115.159.201
869,Derrek,Vina,dvinao4@qq.com,Male,1.42.111.188
870,Reinaldo,Collings,rcollingso5@g.co,Male,105.48.64.98
871,Homer,Rubertis,hrubertiso6@marketwatch.com,Male,200.255.157.204
872,Sterling,Carreck,scarrecko7@networkadvertising.org,Male,132.156.59.54
873,Sandi,Woolerton,swoolertono8@miibeian.gov.cn,Female,170.248.78.14
874,Valeda,Whellans,vwhellanso9@soundcloud.com,Female,210.251.107.193
875,Vinita,Mendoza,vmendozaoa@comsenz.com,Female,63.1.85.52
876,Kenon,Mailey,kmaileyob@i2i.jp,Male,189.169.176.153
877,Leonie,Eltone,leltoneoc@nifty.com,Female,144.20.33.138
878,Cicily,Shapira,cshapiraod@arstechnica.com,Female,171.201.108.48
879,Gavin,Maxted,gmaxtedoe@blogs.com,Male,205.109.105.124
880,Lucas,Kiely,lkielyof@stumbleupon.com,Male,98.197.232.218
881,Hurlee,Thaxton,hthaxtonog@so-net.ne.jp,Male,149.137.134.162
882,Wendeline,Walklett,wwalklettoh@toplist.cz,Female,4.23.63.124
883,Janine,Tooker,jtookeroi@indiegogo.com,Female,211.146.168.229
884,Yuri,Rodrig,yrodrigoj@is.gd,Male,164.168.185.149
885,Barrett,Roisen,broisenok@artisteer.com,Male,20.138.238.47
886,Danell,Eykel,deykelol@hc360.com,Female,255.111.126.175
887,Thadeus,Stot,tstotom@wufoo.com,Male,119.63.157.31
888,Shayna,Wise,swiseon@liveinternet.ru,Female,136.153.112.178
889,Lucila,Josefson,ljosefsonoo@squidoo.com,Female,38.220.185.215
890,Mohandas,Lief,mliefop@prnewswire.com,Male,142.139.173.196
891,Waly,Vowell,wvowelloq@narod.ru,Female,66.28.54.74
892,Fonzie,Dallywater,fdallywateror@so-net.ne.jp,Male,161.26.185.148
893,Spense,Honacker,shonackeros@diigo.com,Male,20.112.171.163
894,Erick,Rudolfer,erudolferot@vimeo.com,Male,254.174.123.4
895,Nisse,Alentyev,nalentyevou@liveinternet.ru,Female,21.58.219.72
896,Helaine,Annion,hannionov@tmall.com,Female,81.133.139.0
897,Kizzie,Nattriss,knattrissow@stumbleupon.com,Female,99.131.153.107
898,Ogdon,Mattessen,omattessenox@deviantart.com,Male,47.125.5.146
899,Dori,Jako,djakooy@discovery.com,Female,189.21.212.43
900,Frazier,Shilstone,fshilstoneoz@live.com,Male,45.113.246.22
901,Stormi,Johnsee,sjohnseep0@surveymonkey.com,Female,55.207.195.186
902,Sally,Nesbitt,snesbittp1@latimes.com,Female,168.140.211.184
903,Michele,Fogg,mfoggp2@163.com,Male,234.210.222.117
904,Carlotta,Doctor,cdoctorp3@oracle.com,Female,4.54.177.61
905,Lenard,Baitey,lbaiteyp4@yale.edu,Male,100.130.94.169
906,Nicol,Loude,nloudep5@cnn.com,Male,24.80.149.173
907,Kristine,Sayce,ksaycep6@usatoday.com,Female,10.102.200.50
908,Hans,Schlagman,hschlagmanp7@nationalgeographic.com,Male,55.89.65.45
909,Ira,Vasyutichev,ivasyutichevp8@123-reg.co.uk,Male,91.139.98.71
910,Vi,Buske,vbuskep9@tmall.com,Female,40.222.100.239
911,Richmond,Lewsy,rlewsypa@aol.com,Male,190.3.226.87
912,Annmaria,Derricoat,aderricoatpb@auda.org.au,Female,70.70.234.237
913,Florence,Lanchbury,flanchburypc@yahoo.com,Female,153.163.158.245
914,Filmore,Lill,flillpd@mashable.com,Male,72.245.230.243
915,Ryan,Kezor,rkezorpe@pagesperso-orange.fr,Male,40.25.45.53
916,Othilia,Goodhew,ogoodhewpf@google.com,Female,140.86.86.152
917,Kipper,Higgoe,khiggoepg@slideshare.net,Male,181.4.92.118
918,Hannie,Jagels,hjagelsph@skype.com,Female,98.179.239.189
919,Taryn,Dorbin,tdorbinpi@jiathis.com,Female,157.242.212.1
920,Alyosha,Lupton,aluptonpj@jimdo.com,Male,163.140.169.83
921,Harv,Pooley,hpooleypk@hatena.ne.jp,Male,72.135.190.250
922,Ophelie,Lentsch,olentschpl@state.gov,Female,1.182.48.0
923,Estell,Peet,epeetpm@intel.com,Female,224.253.209.81
924,Renee,Smallshaw,rsmallshawpn@gmpg.org,Female,56.231.225.92
925,Tandie,Henden,thendenpo@wunderground.com,Female,190.231.74.111
926,Regine,Kitley,rkitleypp@tinypic.com,Female,37.157.247.236
927,Kerk,Tombleson,ktomblesonpq@google.com.au,Male,5.153.134.34
928,Goldie,Lorent,glorentpr@amazon.co.jp,Female,4.20.254.80
929,Ericha,Pitone,epitoneps@amazon.com,Female,76.81.76.94
930,Paige,Carlucci,pcarluccipt@taobao.com,Male,28.227.104.62
931,Hunt,Verdie,hverdiepu@auda.org.au,Male,143.36.241.159
932,Ari,Cabble,acabblepv@ihg.com,Male,19.98.126.93
933,Yehudit,Schoenfisch,yschoenfischpw@bandcamp.com,Male,20.83.183.37
934,Hurlee,Gilhooly,hgilhoolypx@cmu.edu,Male,45.98.107.115
935,Connie,Chatterton,cchattertonpy@google.com.br,Female,225.137.226.239
936,Kristoforo,Sivill,ksivillpz@abc.net.au,Male,85.169.209.143
937,Lloyd,Jozef,ljozefq0@telegraph.co.uk,Male,83.57.98.92
938,August,Hazeldene,ahazeldeneq1@sciencedaily.com,Male,226.27.184.56
939,Elicia,Oganesian,eoganesianq2@youtu.be,Female,136.213.186.60
940,Dorotea,Mea,dmeaq3@cbc.ca,Female,210.95.105.209
941,Crichton,Pena,cpenaq4@people.com.cn,Male,189.174.135.123
942,Mitchell,Lunge,mlungeq5@fda.gov,Male,1.144.131.13
943,Roxanne,Barcroft,rbarcroftq6@amazonaws.com,Female,47.115.112.110
944,Laughton,Godleman,lgodlemanq7@blogger.com,Male,169.137.69.149
945,Noelle,Sevitt,nsevittq8@sphinn.com,Female,107.214.91.7
946,Dyana,Garfield,dgarfieldq9@eventbrite.com,Female,41.38.246.9
947,Paul,Towson,ptowsonqa@plala.or.jp,Male,64.225.77.147
948,Gal,Josifovitz,gjosifovitzqb@google.cn,Male,154.222.101.13
949,Vickie,Scougall,vscougallqc@ebay.com,Female,155.23.179.28
950,Kathe,O'Doireidh,kodoireidhqd@addtoany.com,Female,11.2.4.171
951,Barr,Winstone,bwinstoneqe@comsenz.com,Male,192.160.198.2
952,Torey,Casaro,tcasaroqf@umn.edu,Female,158.181.241.100
953,Waldon,Stonuary,wstonuaryqg@altervista.org,Male,86.112.188.244
954,Elbertine,Battman,ebattmanqh@jugem.jp,Female,208.5.183.117
955,Tabbitha,Freke,tfrekeqi@soup.io,Female,46.171.17.43
956,Renelle,Rottger,rrottgerqj@nba.com,Female,187.30.171.19
957,Noah,Peebles,npeeblesqk@joomla.org,Male,127.142.239.36
958,Sheppard,Edelman,sedelmanql@xing.com,Male,217.203.246.49
959,Angel,Wield,awieldqm@bbb.org,Female,136.44.116.142
960,Theodore,Gossop,tgossopqn@wufoo.com,Male,130.182.3.69
961,Haskell,McElvine,hmcelvineqo@usa.gov,Male,196.231.17.202
962,Fulton,Cuffin,fcuffinqp@ehow.com,Male,70.7.181.37
963,Beau,Minigo,bminigoqq@fastcompany.com,Male,213.64.245.6
964,Clair,Falconer,cfalconerqr@joomla.org,Female,239.193.62.229
965,Erika,Rawood,erawoodqs@cam.ac.uk,Female,242.121.21.176
966,Bibbie,Kwiek,bkwiekqt@infoseek.co.jp,Female,198.6.35.166
967,Cynde,Shackel,cshackelqu@foxnews.com,Female,164.175.237.146
968,Leonhard,Carnachen,lcarnachenqv@java.com,Male,156.85.10.162
969,Druci,Priestland,dpriestlandqw@google.fr,Female,177.32.204.219
970,Christos,Schollick,cschollickqx@who.int,Male,255.27.161.90
971,Tersina,L'argent,tlargentqy@unblog.fr,Female,94.97.176.92
972,Dexter,Andreou,dandreouqz@pen.io,Male,81.190.96.230
973,Janean,Russel,jrusselr0@wordpress.org,Female,18.83.203.175
974,Herve,Parminter,hparminterr1@wordpress.com,Male,7.51.246.153
975,Winona,Papaccio,wpapaccior2@army.mil,Female,45.215.40.131
976,Clemens,Merrgen,cmerrgenr3@fda.gov,Male,147.142.155.7
977,Almeda,Kernermann,akernermannr4@oracle.com,Female,91.209.188.108
978,Thorvald,Reijmers,treijmersr5@hexun.com,Male,244.70.46.205
979,Darcy,Roughsedge,droughsedger6@qq.com,Female,241.31.86.224
980,Meris,Konertz,mkonertzr7@chron.com,Female,63.100.66.236
981,Boone,Diggins,bdigginsr8@upenn.edu,Male,38.100.41.210
982,Marnia,Lepope,mlepoper9@printfriendly.com,Female,172.93.220.67
983,Pancho,Stegel,pstegelra@wordpress.org,Male,234.120.190.186
984,Daren,Flasby,dflasbyrb@archive.org,Male,210.243.135.25
985,Peirce,Longina,plonginarc@ycombinator.com,Male,62.106.167.209
986,Elbertine,Eldritt,eeldrittrd@nih.gov,Female,133.233.23.179
987,Cleve,Alfonsetto,calfonsettore@discovery.com,Male,228.30.207.228
988,Sayer,Tylor,stylorrf@soundcloud.com,Male,153.100.221.14
989,Casar,Arrow,carrowrg@scribd.com,Male,51.88.42.149
990,Quillan,Kelly,qkellyrh@angelfire.com,Male,154.62.160.211
991,Fanni,Fontes,ffontesri@mashable.com,Female,142.177.76.143
992,Rabbi,Lucks,rlucksrj@google.ru,Male,19.242.119.17
993,Dru,Shillabeare,dshillabearerk@kickstarter.com,Male,13.129.249.107
994,Phillie,Rigmand,prigmandrl@addthis.com,Female,68.24.41.216
995,Meghan,Timeby,mtimebyrm@whitehouse.gov,Female,102.251.46.22
996,Rosalyn,Dobbinson,rdobbinsonrn@google.com.hk,Female,78.161.96.236
997,Brynna,Joselovitch,bjoselovitchro@tripod.com,Female,221.106.130.33
998,Marcelia,Roiz,mroizrp@mozilla.org,Female,58.174.116.84
999,Rupert,Manwaring,rmanwaringrq@plala.or.jp,Male,183.159.28.243
1000,Alisun,Poli,apolirr@imgur.com,Female,161.85.80.234